{
 "exxon": [
  {
   "position": 1,
   "title": "Electric vehicles are growing so fast that Exxon Mobil is preparing for a \nfuture when ‘customers don’t need that gasoline’",
   "link": "https://fortune.com/2023/09/23/exxon-mobil-electric-vehicles-flexible-refineries-gasoline-to-chemicals/",
   "source": "Fortune",
   "snippet": "Exxon Mobil Corp., which operates one of the world's biggest oil-refining  networks, is trying to be more responsive to changing consumer...",
   "date": "9 hours ago"
  },
  {
   "position": 2,
   "title": "Exxon Mobil set to gain from Q3 oil price surge and potential dividend \nincrease",
   "link": "https://finance.yahoo.com/news/exxon-mobil-set-gain-q3-111554371.html",
   "source": "Yahoo Finance",
   "snippet": "Exxon Mobil Corp. (NYSE:XOM) is poised to benefit from a substantial 30%  rise in oil prices in Q3, with futures for West Texas Intermediate...",
   "date": "1 day ago"
  },
  {
   "position": 3,
   "title": "Exxon Mobil Stock May Be Heading To All-Time High (NYSE:XOM)",
   "link": "https://seekingalpha.com/article/4636795-exxon-mobil-stock-may-be-heading-all-time-high",
   "source": "Seeking Alpha",
   "snippet": "Exxon Mobil Corporation shares may surge amid rising crude oil prices and  positive analyst projections. Click here for our take on XOM...",
   "date": "1 day ago"
  },
  {
   "position": 4,
   "title": "Exxon sees $16 billion in earnings for fuels, chemicals by 2027",
   "link": "https://www.reuters.com/business/energy/exxon-sees-16-billion-earnings-fuels-chemicals-by-2027-2023-09-20/",
   "source": "Reuters",
   "snippet": "Exxon Mobil Corp expects its motor fuels and chemicals earnings to reach  $16 billion by 2027, up about $4 billion from current levels as...",
   "date": "3 days ago"
  },
  {
   "position": 5,
   "title": "Exxon Knew All About Zinc Bromine Flow Batteries",
   "link": "https://cleantechnica.com/2023/09/20/exxon-knew-all-about-zinc-bromine-flow-batteries/",
   "source": "CleanTechnica",
   "snippet": "Exxon knew about zinc bromine flow batteries but didn't stick around to see  them in action for long duration energy storage.",
   "date": "3 days ago"
  }
 ],
 "enron": [
  {
   "position": 1,
   "title": "Former Enron CFO Andy Fastow to Discuss Ethical Business \"Gray Areas\" at \nSEC \"Hot Topics\" Conference | CSUF News",
   "link": "https://news.fullerton.edu/spotlight/former-enron-cfo-andy-fastow-to-discuss-ethical-business-gray-areas-at-sec-hot-topics-conference/",
   "source": "CSUF News",
   "snippet": "By Daniel Coats '15, '18. Andy Fastow, the former CFO of Enron, is now on a  mission to educate the business community on the importance of...",
   "date": "4 days ago"
  },
  {
   "position": 2,
   "title": "We're All Living in the World Enron Created",
   "link": "https://www.texasmonthly.com/news-politics/fall-and-rise-of-enron/",
   "source": "Texas Monthly",
   "snippet": "I have several persistent memories from my days covering the Enron saga. I  wrote about the company's collapse for this magazine in 2001 and...",
   "date": "1 month ago"
  },
  {
   "position": 3,
   "title": "Enron Executives: What Happened, and Where Are They Now?",
   "link": "https://www.investopedia.com/enron-executives-6831970",
   "source": "Investopedia",
   "snippet": "Two decades before the sudden and dramatic collapse of cryptocurrency  exchange FTX in November 2022, Enron was a Houston-based energy company  that imploded...",
   "date": "Dec 19, 2022"
  },
  {
   "position": 4,
   "title": "Harvey Pitt, SEC Chairman During 9/11 and Enron Meltdown, Dies at 78",
   "link": "https://www.wsj.com/articles/harvey-pitt-former-sec-chairman-during-9-11-and-enron-scandal-dies-1fb717e2",
   "source": "The Wall Street Journal",
   "snippet": "The Brooklyn native led the SEC's rule-making response in the wake of the  accounting scandal at energy company Enron.",
   "date": "May 31, 2023"
  },
  {
   "position": 5,
   "title": "22 years after the $63 billion Enron collapse, a key audit review board \nfinds the industry in a ‘completely unacceptable’ state",
   "link": "https://fortune.com/2023/07/26/pcaob-audit-completely-unnacceptable-error-rate-enron-big-4-consulting/",
   "source": "Fortune",
   "snippet": "Enron went bust in a historic $63 billion bankruptcy in 2001 and the PCAOB  was created. Now it finds audit quality \"moving in the wrong...",
   "date": "Jul 26, 2023"
  }
 ],
 "brookhouse aerospace limited": [
  {
   "position": 1,
   "title": "Manufacturing Engineer (Senior roles)",
   "link": "https://jobs.theengineer.co.uk/job/manufacturing-engineer-senior-roles/54ad0253-6c62-4129-9045-f1735c5893f2",
   "source": "The Engineer Jobs",
   "snippet": "Apply for job - Manufacturing Engineer (Senior roles) from Bluetownonline  Ltd on The Engineer Jobs.",
   "date": "4 days ago"
  },
  {
   "position": 2,
   "title": "Brookhouse Aerospace Limited announces management buyout from Kaman \nCorporation",
   "link": "https://verticalmag.com/press-releases/brookhouse-aerospace-limited-announces-management-buyout-from-kaman-corporation/",
   "source": "Vertical Mag",
   "snippet": "Brookhouse Aerospace Limited is pleased to announce the completion of a  management buyout (MBO) from Kaman Corporation on Feb.",
   "date": "Mar 31, 2021"
  },
  {
   "position": 3,
   "title": "Brookhouse Aerospace announces Kaman MBO",
   "link": "https://www.aero-mag.com/brookhouse-aerospace-announces-kaman-mbo",
   "source": "Aerospace Manufacturing",
   "snippet": "Brookhouse Aerospace has announced the completion of a management buyout  (MBO) of Kaman Corporation on 3rd February 2021, led by Group CEO,...",
   "date": "Apr 16, 2021"
  },
  {
   "position": 4,
   "title": "Brookhouse Aerospace Is New Name For Kaman’s UK Business",
   "link": "https://aviationweek.com/aerospace/manufacturing-supply-chain/brookhouse-aerospace-new-name-kamans-uk-business",
   "source": "Aviation Week",
   "snippet": "LONDON—The UK business of Kaman Corporation has been purchased in a  management buyout. The Darwen, England-based business will now operate...",
   "date": "Apr 1, 2021"
  },
  {
   "position": 5,
   "title": "Brookhouse Aerospace completes MBO from Kaman Corporation",
   "link": "https://www.adsadvance.co.uk/brookhouse-aerospace-completes-mbo-from-kaman-corporation.html",
   "source": "ADS Advance",
   "snippet": "Brookhouse Aerospace Limited has announced the completion of a Management  Buy Out (MBO) from Kaman Corporation on 3rd February 2021,...",
   "date": "Apr 6, 2021"
  }
 ],
 "boing": [
  {
   "position": 1,
   "title": "My god, it's full of fruit",
   "link": "https://boingboing.net/2023/09/21/my-god-its-full-of-fruit.html",
   "source": "Boing Boing",
   "snippet": "(We earn affiliate revenue from this post.) (The spacecraft Discovery One  gracefully cruises through the infinite expanse of space.",
   "date": "2 days ago"
  },
  {
   "position": 2,
   "title": "Save up to $500 on a Duracell Portable Power Station during \"Preptember\"",
   "link": "https://boingboing.net/2023/09/22/save-up-to-500-on-a-duracell-portable-power-station-during-preptember.html",
   "source": "Boing Boing",
   "snippet": "We thank our sponsor for making this content possible; it is not written by  the editorial staff nor does it necessarily reflect its views.",
   "date": "1 day ago"
  },
  {
   "position": 3,
   "title": "How to make someone think you can read their mind",
   "link": "https://boingboing.net/2023/09/20/how-to-make-someone-think-you-can-read-their-mind.html",
   "source": "Boing Boing",
   "snippet": "For those who lack real ESP abilities, celebrity coach Oscar Owen shared  five simple card tricks to make others believe you can read their...",
   "date": "3 days ago"
  },
  {
   "position": 4,
   "title": "Buckle up- airplane turbulence is getting worse",
   "link": "https://boingboing.net/2023/09/23/buckle-up-airplane-turbulence-is-getting-worse.html",
   "source": "Boing Boing",
   "snippet": "https://www.youtube.com/watch?v=BlloVuDLAzM Buckle up folks, airplane  turbulence is getting worse. I was not a happy camper when I stumbled...",
   "date": "11 hours ago"
  },
  {
   "position": 5,
   "title": "Interactive site lets you explore the scale of the universe",
   "link": "https://boingboing.net/2023/09/23/interactive-site-lets-you-explore-the-scale-of-the-universe.html",
   "source": "Boing Boing",
   "snippet": "This fun website allows users to explore the scale of this universe. I'm  not sure if I feel really big or really tiny after looking at it.",
   "date": "12 hours ago"
  }
 ],
 "nirav modi": [
  {
   "position": 1,
   "title": "Indian diamond billionaire Nirav Modi loses appeal against extradition from \nUK",
   "link": "https://www.cnn.com/2022/11/09/uk/uk-india-nirav-modi-extradition-intl/index.html",
   "source": "CNN",
   "snippet": "A London court on Wednesday rejected an appeal from Indian billionaire  Nirav Modi against his extradition from the United Kingdom to India...",
   "date": "Nov 9, 2022"
  },
  {
   "position": 2,
   "title": "Nirav Modi transferred to privately-run prison in London",
   "link": "https://www.siasat.com/nirav-modi-transferred-to-privately-run-prison-in-london-2702407/",
   "source": "Siasat.com",
   "snippet": "Nirav Modi, the fugitive diamond merchant wanted in India to stand trial on  fraud and money laundering charges.",
   "date": "3 days ago"
  },
  {
   "position": 3,
   "title": "Nirav Modi borrowing £10,000 per month in prison to pay back £150k fine",
   "link": "https://m.timesofindia.com/world/uk/nirav-modi-borrowing-10000-per-month-in-prison-to-pay-back-150k-fine/articleshow/98526132.cms",
   "source": "The Times of India",
   "snippet": "LONDON: Former billionaire diamantaire Nirav Modi is borrowing money to pay  back a £150,247 (Rs 146 lakh) fine he owes after being ordered...",
   "date": "Mar 10, 2023"
  },
  {
   "position": 4,
   "title": "'Have no intention to...’: UK minister's big statement on extradition of \nNirav Modi, Vijay Mallya",
   "link": "https://www.businesstoday.in/latest/world/story/have-no-intention-to-uk-ministers-big-statement-on-extradition-of-nirav-modi-vijay-mallya-393970-2023-08-13",
   "source": "Business Today",
   "snippet": "British Security Minister Tom Tugendhat said that the UK will not allow its  legal system to be used to protect those who have committed...",
   "date": "1 month ago"
  },
  {
   "position": 5,
   "title": "Indian tycoon Nirav Modi loses extradition appeal in UK",
   "link": "https://apnews.com/article/europe-india-extradition-fugitives-nirav-modi-77e9b9bdadfdb7ec2bb8b1b0d1edeb47",
   "source": "AP News",
   "snippet": "LONDON (AP) — Diamond tycoon Nirav Modi on Wednesday lost an appeal of a  British court's ruling that he should be extradited from the U.K....",
   "date": "Nov 9, 2022"
  }
 ],
 "howden group holdings limited": [
  {
   "position": 1,
   "title": "Dual Europe establishes new Marine Hub in Netherlands | Business Insurance",
   "link": "https://www.businessinsurance.com/article/20231005/STORY/912360263/Dual-Europe-establishes-new-Marine-Hub-in-Netherlands",
   "source": "Business Insurance | News",
   "snippet": "Dual Group, the underwriting arm of London-based brokerage Howden Group  Holdings Ltd., has expanded its European business offering with the...",
   "date": "19 hours ago"
  },
  {
   "position": 2,
   "title": "Howden Builds War Chest for Investments of More Than £1B; Blanc Named Head \nof M&A",
   "link": "https://www.insurancejournal.com/news/international/2023/04/24/717624.htm",
   "source": "Insurance Journal",
   "snippet": "Howden Group Holdings announced it has successfully raised more than £875  million ($1.1 billion) across both debt and equity,...",
   "date": "Apr 24, 2023"
  },
  {
   "position": 3,
   "title": "Charlie Pool joins Howden Group Holdings as Head of Carbon Insurance",
   "link": "https://www.reinsurancene.ws/charlie-pool-joins-howden-group-holdings-as-head-of-carbon-insurance/",
   "source": "Reinsurance News",
   "snippet": "Carbon market veteran, Charlie Pool, has joined Howden Group Holdings as  Head of Carbon Insurance. An experienced name across the industry,...",
   "date": "Jun 8, 2023"
  },
  {
   "position": 4,
   "title": "Inside Howden: Targeting world domination – Part 1",
   "link": "https://www.insuranceinsider.com/article/2bm1lr8i0uyp2vfxzmp6o/brokers-section/inside-howden-targeting-world-domination-part-1",
   "source": "Insurance Insider",
   "snippet": "The broking group will soon target US retail broking, as well as continuing  team lifts and looking for international mega deals.",
   "date": "May 3, 2023"
  },
  {
   "position": 5,
   "title": "Howden Group Holdings announces 2022 full year results | Howden Broking",
   "link": "https://www.howdengroup.com/news-and-insights/howden-group-holdings-announces-2022-full-year-results",
   "source": "Howden Group",
   "snippet": "30/01/23 - Consecutive year of 19% organic growth and transformational  acquisitions demonstrates delivery of long-term strategy.",
   "date": "Jan 30, 2023"
  }
 ]
}