[{"position": 1, "title": "Lordstown Motors files for bankruptcy, sues Foxconn", "link": "https://www.reuters.com/business/autos-transportation/lordstown-motors-files-bankruptcy-sues-foxconn-2023-06-27/", "source": "Reuters", "snippet": "U.S. electric truck manufacturer Lordstown Motors filed for bankruptcy  protection on Tuesday and put itself up for sale after failing to...", "date": "Jun 27, 2023"}, {"position": 2, "title": "Lordstown Motors to pay $25M in SEC settlement over misleading investor \nclaims", "link": "https://www.theregister.com/2024/03/01/lordstown_sec_settlement/", "source": "The Register", "snippet": "Bankrupt electric truck maker Lordstown Motors Corp will have to pay out  $25 million to shareholders, settling SEC claims it misled...", "date": "Mar 1, 2024"}, {"position": 3, "title": "The SEC wants $45 million from bankrupt Lordstown Motors", "link": "https://techcrunch.com/2024/01/10/lordstown-motors-sec-penalty-settlement-bankruptcy/", "source": "TechCrunch", "snippet": "Bankrupt EV startup Lordstown Motors could be on the hook for $45 million  for violating federal securities laws. The Securities and Exchange...", "date": "Jan 10, 2024"}, {"position": 4, "title": "Lordstown Motors files for bankruptcy and sues former partner Foxconn", "link": "https://www.cnn.com/2023/06/27/business/lordstown-motors-bankruptcy-foxconn-lawsuit-intl-hnk/index.html", "source": "CNN", "snippet": "Lordstown Motors, the EV maker, filed for bankruptcy protection Tuesday and  announced a lawsuit against Foxconn, accusing its former partner...", "date": "Jun 27, 2023"}, {"position": 5, "title": "Bankrupt Lordstown Faces $45 Million SEC Fine For Securities Violations", "link": "https://www.carscoops.com/2024/01/sec-could-fine-lordstown-motors-45-million-for-violating-federal-securities-laws/", "source": "Carscoops", "snippet": "Things are just going from bad to worse for bankrupt electric truck  manufacturer Lordstown Motors after the Securities and Exchange...", "date": "Jan 11, 2024"}]