{
    "terrorism": 10,
    "drug trafficking": 10,
    "terrorism financing": 10,
    "stock manipulation": 9,
    "money laundering": 10,
    "financial crimes": 8, 
    "regulatory penalty": 7,
    "bankruptcy": 9,  
    "jail": 8,
    "arrest": 5,
    "lawsuits": 4, 
    "warrant": 4, 
    "imprisonment": 5,
    "legal proceedings": 4,
    "rape": 9,
    "crime": 9,
    "criminal": 7, 
    "criminal proceedings": 7, 
    "corruption": 8,
    "fraud": 8,
    "hate": 7,
    "sexual abuse": 7,
    "illegal activities": 4
}