Question,PoCScope
What is Name and trading name of the organization?,
What is the registered address of the company?,X
What is the business/trading address of the company?,
What is identification number of the organization?,X
Who are the key controllers and authorized signatories?,
Names all the active directors of the company.,X
"What is the status of the organization ex; active, dissolved?",X
What is the year of incorporation?,X
Who are the shareholders of the company along with the percentage of ownership?,
Who is the ultimate owner of the company?,
Who are the key controllers and authorized signatories?,X
What is the industry type/SIC/NICS code of the company?,
What are the products utilized by the company?,X
What is/are operation location/s or jurisdiction/s?,
Number of employees of the firm,X
Name of the subsidiary of the company,
What is the Legal entity Type of the organization ex; publicly traded/limited liability etc.,X
What is the turnover or revenue of the organization?,X
Certificate/licence issued by the government.,
Whats is the next date of confirmation statement?,X